date,sessions,market_a,market_b
2025-01-06,227.15,220.0,179.74
2025-01-07,235.48,220.29,179.79
2025-01-08,233.56,220.02,180.52
2025-01-09,228.44,219.17,180.7
2025-01-10,218.68,218.73,180.96
2025-01-11,220.1,217.78,181.33
2025-01-12,215.88,217.84,182.38
2025-01-13,223.12,219.13,183.14
2025-01-14,233.37,218.65,183.71
2025-01-15,233.74,218.06,183.71
2025-01-16,228.49,218.53,183.22
2025-01-17,219.98,218.87,184.12
2025-01-18,220.51,218.97,185.03
2025-01-19,220.37,218.08,185.27
2025-01-20,228.59,218.05,185.91
2025-01-21,238.11,218.72,186.69
2025-01-22,233.59,217.43,187.49
2025-01-23,227.88,216.99,188.34
2025-01-24,220.43,215.16,188.36
2025-01-25,219.58,213.92,189.55
2025-01-26,219.01,212.16,189.08
2025-01-27,221.42,211.93,189.86
2025-01-28,228.65,210.71,190.41
2025-01-29,227.13,210.97,191.18
2025-01-30,230.19,211.13,192.55
2025-01-31,225.18,210.95,193.67
2025-02-01,220.11,208.53,193.2
2025-02-02,216.69,208.01,192.4
2025-02-03,224.1,207.97,193.08
2025-02-04,227.08,208.07,192.66
2025-02-05,226.63,206.61,192.83
2025-02-06,223.46,206.15,193.5
2025-02-07,214.86,205.21,192.67
2025-02-08,210.26,204.43,191.55
2025-02-09,217.84,205.45,191.83
2025-02-10,219.59,204.67,191.98
2025-02-11,225.26,204.64,191.94
2025-02-12,229.02,205.49,192.05
2025-02-13,218.37,204.93,191.62
2025-02-14,215.13,204.82,190.78
2025-02-15,214.34,204.93,190.74
2025-02-16,215.86,204.99,190.2
2025-02-17,217.43,203.82,189.24
2025-02-18,225.81,203.89,189.57
2025-02-19,225.83,205.19,189.54
2025-02-20,218.08,203.71,189.77
2025-02-21,213.91,204.53,189.16
2025-02-22,214.91,204.65,188.73
2025-02-23,214.53,204.03,188.09
2025-02-24,214.42,205.95,187.5
2025-02-25,227.76,206.68,187.55
2025-02-26,226.02,205.53,187.0
2025-02-27,224.73,205.6,187.11
2025-02-28,215.63,206.16,187.21
2025-03-01,212.92,205.98,188.31
2025-03-02,212.07,206.63,187.34
2025-03-03,226.03,206.57,187.73
2025-03-04,224.31,207.21,187.52
2025-03-05,230.77,208.59,187.35
2025-03-06,221.06,207.94,186.3
2025-03-07,217.84,208.14,185.84
2025-03-08,209.79,207.69,186.08
2025-03-09,214.15,207.81,185.83
2025-03-10,221.39,206.67,185.66
2025-03-11,219.94,206.12,185.25
2025-03-12,226.96,205.93,185.71
2025-03-13,222.38,206.79,185.44
2025-03-14,213.86,207.89,183.87
2025-03-15,210.81,206.62,183.19
2025-03-16,210.95,205.86,181.73
2025-03-17,216.21,206.48,179.5
2025-03-18,218.1,204.57,178.89
2025-03-19,218.42,204.12,179.39
2025-03-20,216.31,204.03,179.12
2025-03-21,209.74,205.24,178.1
2025-03-22,205.94,205.9,177.22
2025-03-23,210.13,205.58,177.58
2025-03-24,216.81,205.23,177.34
2025-03-25,215.18,204.99,177.04
2025-03-26,221.04,206.45,176.67
2025-03-27,215.75,206.04,176.35
2025-03-28,209.58,205.75,176.49
2025-03-29,211.14,206.09,176.48
2025-03-30,208.7,205.97,176.26
2025-03-31,217.9,205.78,175.28
2025-04-01,216.13,204.71,175.23
2025-04-02,219.89,204.7,174.46
2025-04-03,214.93,204.28,174.76
2025-04-04,208.75,205.4,173.64
2025-04-05,209.12,206.02,173.2
2025-04-06,208.26,206.0,172.84
2025-04-07,214.83,206.64,171.69
2025-04-08,217.94,206.31,172.37
2025-04-09,217.42,207.32,172.89
2025-04-10,216.38,207.32,172.27
2025-04-11,212.0,207.88,172.38
2025-04-12,210.1,206.64,172.26
2025-04-13,206.07,206.97,170.36
2025-04-14,211.72,205.35,170.17
2025-04-15,210.69,203.4,169.8
2025-04-16,217.46,203.11,169.52
2025-04-17,208.89,202.24,168.56
2025-04-18,201.79,202.4,168.08
2025-04-19,204.26,204.55,167.66
2025-04-20,207.93,203.76,168.07
2025-04-21,205.59,203.16,167.97
2025-04-22,211.39,203.35,167.68
2025-04-23,214.0,203.83,168.32
2025-04-24,209.42,203.66,167.71
2025-04-25,207.65,203.46,167.21
2025-04-26,201.37,204.14,165.86
2025-04-27,203.37,204.63,166.56
2025-04-28,210.77,203.64,166.9
2025-04-29,212.19,203.57,167.22
2025-04-30,216.41,203.6,167.4
2025-05-01,208.89,202.59,167.26
2025-05-02,203.23,202.84,167.19
2025-05-03,197.71,202.01,166.85
2025-05-04,208.65,202.95,166.56
2025-05-05,207.96,203.13,166.42
2025-05-06,214.42,203.22,167.18
2025-05-07,214.57,202.65,167.37
2025-05-08,211.66,202.54,167.2
2025-05-09,204.65,200.62,166.74
2025-05-10,205.09,199.53,166.25
2025-05-11,199.47,199.88,167.12
2025-05-12,201.53,197.84,167.34
2025-05-13,208.14,198.65,167.31
2025-05-14,207.21,196.97,167.05
2025-05-15,209.4,197.7,166.34
2025-05-16,203.78,196.89,166.27
2025-05-17,196.8,197.64,166.77
2025-05-18,196.88,197.76,166.53
2025-05-19,203.07,196.29,166.4
2025-05-20,212.92,197.49,166.29
2025-05-21,204.56,198.87,166.39
2025-05-22,209.28,198.81,165.48
2025-05-23,199.85,198.54,165.39
2025-05-24,201.6,198.39,164.95
2025-05-25,197.06,197.45,165.56
2025-05-26,220.67,198.51,165.2
2025-05-27,222.24,197.99,165.65
2025-05-28,225.33,197.94,166.69
2025-05-29,227.6,197.18,166.63
2025-05-30,219.9,196.58,166.41
2025-05-31,212.29,195.35,166.68
2025-06-01,213.26,196.56,166.85
2025-06-02,215.27,196.41,166.43
2025-06-03,225.29,197.34,166.89
2025-06-04,228.13,197.35,168.3
2025-06-05,224.0,196.68,168.35
2025-06-06,218.16,196.37,168.45
2025-06-07,211.3,195.83,168.05
2025-06-08,215.59,195.84,168.49
2025-06-09,220.25,195.48,167.99
2025-06-10,228.51,195.19,167.58
2025-06-11,230.76,193.87,168.61
2025-06-12,221.14,193.09,168.34
2025-06-13,215.42,194.68,169.28
2025-06-14,213.85,194.03,170.48
2025-06-15,213.06,193.02,170.93
2025-06-16,218.28,193.35,171.57
2025-06-17,226.86,194.7,173.05
2025-06-18,224.48,193.3,173.25
2025-06-19,225.26,193.1,173.22
2025-06-20,217.05,192.5,172.73
2025-06-21,213.38,190.8,173.09
2025-06-22,214.53,191.51,174.32
2025-06-23,218.5,191.49,175.23
2025-06-24,222.93,191.56,175.01
2025-06-25,225.48,190.83,174.85
2025-06-26,221.48,191.27,174.89
2025-06-27,217.81,190.75,175.42
2025-06-28,213.66,190.62,175.65
2025-06-29,210.65,189.55,176.14
2025-06-30,218.92,188.38,176.67
2025-07-01,221.23,189.67,176.85
2025-07-02,224.22,189.18,177.18
2025-07-03,222.0,189.46,177.66
2025-07-04,211.67,189.43,177.97
